Cement,Water,W/C,W/Binder,Sand,Gravel,Superplasticizer,Flyash,GGBS,Age,Strength
540,162,0.3,0.3,676,1040,2.5,0,0,28,79.99
540,162,0.3,0.3,676,1055,2.5,0,0,28,61.89
332.5,228,0.7,0.5,594,932,0,0,142.5,270,40.27
332.5,228,0.7,0.5,594,932,0,0,142.5,365,41.05
198.6,192,1,0.6,825.5,978.4,0,0,132.4,360,44.3
266,228,0.9,0.6,670,932,0,0,114,90,47.03
380,228,0.6,0.5,594,932,0,0,95,365,43.7
380,228,0.6,0.5,594,932,0,0,95,28,36.45
266,228,0.9,0.6,670,932,0,0,114,28,45.85
475,228,0.5,0.5,594,932,0,0,0,28,39.29
198.6,192,1,0.6,825.5,978.4,0,0,132.4,90,38.07
198.6,192,1,0.6,825.5,978.4,0,0,132.4,28,28.02
427.5,228,0.5,0.5,594,932,0,0,47.5,270,43.01
190,228,1.2,0.6,670,932,0,0,190,90,42.33
304,228,0.8,0.6,670,932,0,0,76,28,47.81
380,228,0.6,0.6,670,932,0,0,0,90,52.91
139.6,192,1.4,0.6,806.9,1047,0,0,209.4,90,39.36
342,228,0.7,0.6,670,932,0,0,38,365,56.14
380,228,0.6,0.5,594,932,0,0,95,90,40.56
475,228,0.5,0.5,594,932,0,0,0,180,42.62
427.5,228,0.5,0.5,594,932,0,0,47.5,180,41.84
139.6,192,1.4,0.6,806.9,1047,0,0,209.4,28,28.24
139.6,192,1.4,0.6,806.9,1047,0,0,209.4,3,8.06
139.6,192,1.4,0.6,806.9,1047,0,0,209.4,180,44.21
380,228,0.6,0.6,670,932,0,0,0,365,52.52
380,228,0.6,0.6,670,932,0,0,0,270,53.3
380,228,0.6,0.5,594,932,0,0,95,270,41.15
342,228,0.7,0.6,670,932,0,0,38,180,52.12
427.5,228,0.5,0.5,594,932,0,0,47.5,28,37.43
475,228,0.5,0.5,594,932,0,0,0,7,38.6
304,228,0.8,0.6,670,932,0,0,76,365,55.26
266,228,0.9,0.6,670,932,0,0,114,365,52.91
198.6,192,1,0.6,825.5,978.4,0,0,132.4,180,41.72
475,228,0.5,0.5,594,932,0,0,0,270,42.13
190,228,1.2,0.6,670,932,0,0,190,365,53.69
237.5,228,1,0.5,594,932,0,0,237.5,270,38.41
237.5,228,1,0.5,594,932,0,0,237.5,28,30.08
332.5,228,0.7,0.5,594,932,0,0,142.5,90,37.72
475,228,0.5,0.5,594,932,0,0,0,90,42.23
237.5,228,1,0.5,594,932,0,0,237.5,180,36.25
342,228,0.7,0.6,670,932,0,0,38,90,50.46
427.5,228,0.5,0.5,594,932,0,0,47.5,365,43.7
237.5,228,1,0.5,594,932,0,0,237.5,365,39
380,228,0.6,0.6,670,932,0,0,0,180,53.1
427.5,228,0.5,0.5,594,932,0,0,47.5,90,41.54
427.5,228,0.5,0.5,594,932,0,0,47.5,7,35.08
349,192,0.6,0.6,806.9,1047,0,0,0,3,15.05
380,228,0.6,0.5,594,932,0,0,95,180,40.76
237.5,228,1,0.5,594,932,0,0,237.5,7,26.26
380,228,0.6,0.5,594,932,0,0,95,7,32.82
332.5,228,0.7,0.5,594,932,0,0,142.5,180,39.78
190,228,1.2,0.6,670,932,0,0,190,180,46.93
237.5,228,1,0.5,594,932,0,0,237.5,90,33.12
304,228,0.8,0.6,670,932,0,0,76,90,49.19
139.6,192,1.4,0.6,806.9,1047,0,0,209.4,7,14.59
198.6,192,1,0.6,825.5,978.4,0,0,132.4,7,14.64
475,228,0.5,0.5,594,932,0,0,0,365,41.93
198.6,192,1,0.6,825.5,978.4,0,0,132.4,3,9.13
304,228,0.8,0.6,670,932,0,0,76,180,50.95
332.5,228,0.7,0.5,594,932,0,0,142.5,28,33.02
304,228,0.8,0.6,670,932,0,0,76,270,54.38
266,228,0.9,0.6,670,932,0,0,114,270,51.73
310,192,0.6,0.6,850.6,971,0,0,0,3,9.87
190,228,1.2,0.6,670,932,0,0,190,270,50.66
266,228,0.9,0.6,670,932,0,0,114,180,48.7
342,228,0.7,0.6,670,932,0,0,38,270,55.06
139.6,192,1.4,0.6,806.9,1047,0,0,209.4,360,44.7
332.5,228,0.7,0.5,594,932,0,0,142.5,7,30.28
190,228,1.2,0.6,670,932,0,0,190,28,40.86
485,146,0.3,0.3,800,1120,0,0,0,28,71.99
374,170.1,0.5,0.3,756.7,926.1,10.1,0,189.2,3,34.4
313.3,175.5,0.6,0.3,611.8,1046.9,8.6,0,262.2,3,28.8
425,153.5,0.4,0.3,887.1,852.1,16.5,0,106.3,3,33.4
425,151.4,0.4,0.3,803.7,936,18.6,0,106.3,3,36.3
375,126.6,0.3,0.3,992.6,852.1,23.4,0,93.8,3,29
475,181.1,0.4,0.3,781.5,852.1,8.9,0,118.8,3,37.8
469,137.8,0.3,0.2,840.5,852.1,32.2,0,117.2,3,40.2
425,153.5,0.4,0.3,887.1,852.1,16.5,0,106.3,3,33.4
388.6,157.9,0.4,0.3,925.7,852.1,12.1,0,97.1,3,28.1
531.3,141.8,0.3,0.3,893.7,852.1,28.2,0,0,3,41.3
425,153.5,0.4,0.3,887.1,852.1,16.5,0,106.3,3,33.4
318.8,155.7,0.5,0.3,880.4,852.1,14.3,0,212.5,3,25.2
401.8,147.4,0.4,0.3,852.1,946.8,11.4,0,94.7,3,41.1
362.6,164.9,0.5,0.3,755.8,944.7,11.6,0,189,3,35.3
323.7,183.8,0.6,0.3,659.9,942.7,10.3,0,282.8,3,28.3
379.5,153.9,0.4,0.3,605,1134.3,15.9,0,151.2,3,28.6
362.6,164.9,0.5,0.3,755.8,944.7,11.6,0,189,3,35.3
286.3,144.7,0.5,0.3,803.7,1004.6,11.2,0,200.9,3,24.4
362.6,164.9,0.5,0.3,755.8,944.7,11.6,0,189,3,35.3
439,186,0.4,0.3,707.9,884.9,11.1,0,177,3,39.3
389.9,145.9,0.4,0.3,755.8,944.7,22,0,189,3,40.6
362.6,164.9,0.5,0.3,755.8,944.7,11.6,0,189,3,35.3
337.9,174.9,0.5,0.3,755.8,944.7,9.5,0,189,3,24.1
374,170.1,0.5,0.3,756.7,926.1,10.1,0,189.2,7,46.2
313.3,175.5,0.6,0.3,611.8,1046.9,8.6,0,262.2,7,42.8
425,153.5,0.4,0.3,887.1,852.1,16.5,0,106.3,7,49.2
425,151.4,0.4,0.3,803.7,936,18.6,0,106.3,7,46.8
375,126.6,0.3,0.3,992.6,852.1,23.4,0,93.8,7,45.7
475,181.1,0.4,0.3,781.5,852.1,8.9,0,118.8,7,55.6
469,137.8,0.3,0.2,840.5,852.1,32.2,0,117.2,7,54.9
425,153.5,0.4,0.3,887.1,852.1,16.5,0,106.3,7,49.2
388.6,157.9,0.4,0.3,925.7,852.1,12.1,0,97.1,7,34.9
531.3,141.8,0.3,0.3,893.7,852.1,28.2,0,0,7,46.9
425,153.5,0.4,0.3,887.1,852.1,16.5,0,106.3,7,49.2
318.8,155.7,0.5,0.3,880.4,852.1,14.3,0,212.5,7,33.4
401.8,147.4,0.4,0.3,852.1,946.8,11.4,0,94.7,7,54.1
362.6,164.9,0.5,0.3,755.8,944.7,11.6,0,189,7,55.9
323.7,183.8,0.6,0.3,659.9,942.7,10.3,0,282.8,7,49.8
379.5,153.9,0.4,0.3,605,1134.3,15.9,0,151.2,7,47.1
362.6,164.9,0.5,0.3,755.8,944.7,11.6,0,189,7,55.9
286.3,144.7,0.5,0.3,803.7,1004.6,11.2,0,200.9,7,38
362.6,164.9,0.5,0.3,755.8,944.7,11.6,0,189,7,55.9
439,186,0.4,0.3,707.9,884.9,11.1,0,177,7,56.1
389.9,145.9,0.4,0.3,755.8,944.7,22,0,189,7,59.09
362.6,164.9,0.5,0.3,755.8,944.7,11.6,0,189,7,22.9
337.9,174.9,0.5,0.3,755.8,944.7,9.5,0,189,7,35.1
374,170.1,0.5,0.3,756.7,926.1,10.1,0,189.2,28,61.09
313.3,175.5,0.6,0.3,611.8,1046.9,8.6,0,262.2,28,59.8
425,153.5,0.4,0.3,887.1,852.1,16.5,0,106.3,28,60.29
425,151.4,0.4,0.3,803.7,936,18.6,0,106.3,28,61.8
375,126.6,0.3,0.3,992.6,852.1,23.4,0,93.8,28,56.7
475,181.1,0.4,0.3,781.5,852.1,8.9,0,118.8,28,68.3
469,137.8,0.3,0.2,840.5,852.1,32.2,0,117.2,28,66.9
425,153.5,0.4,0.3,887.1,852.1,16.5,0,106.3,28,60.29
388.6,157.9,0.4,0.3,925.7,852.1,12.1,0,97.1,28,50.7
531.3,141.8,0.3,0.3,893.7,852.1,28.2,0,0,28,56.4
425,153.5,0.4,0.3,887.1,852.1,16.5,0,106.3,28,60.29
318.8,155.7,0.5,0.3,880.4,852.1,14.3,0,212.5,28,55.5
401.8,147.4,0.4,0.3,852.1,946.8,11.4,0,94.7,28,68.5
362.6,164.9,0.5,0.3,755.8,944.7,11.6,0,189,28,71.3
323.7,183.8,0.6,0.3,659.9,942.7,10.3,0,282.8,28,74.7
379.5,153.9,0.4,0.3,605,1134.3,15.9,0,151.2,28,52.2
362.6,164.9,0.5,0.3,755.8,944.7,11.6,0,189,28,71.3
286.3,144.7,0.5,0.3,803.7,1004.6,11.2,0,200.9,28,67.7
362.6,164.9,0.5,0.3,755.8,944.7,11.6,0,189,28,71.3
439,186,0.4,0.3,707.9,884.9,11.1,0,177,28,66
389.9,145.9,0.4,0.3,755.8,944.7,22,0,189,28,74.5
362.6,164.9,0.5,0.3,755.8,944.7,11.6,0,189,28,71.3
337.9,174.9,0.5,0.3,755.8,944.7,9.5,0,189,28,49.9
374,170.1,0.5,0.3,756.7,926.1,10.1,0,189.2,56,63.4
313.3,175.5,0.6,0.3,611.8,1046.9,8.6,0,262.2,56,64.9
425,153.5,0.4,0.3,887.1,852.1,16.5,0,106.3,56,64.3
425,151.4,0.4,0.3,803.7,936,18.6,0,106.3,56,64.9
375,126.6,0.3,0.3,992.6,852.1,23.4,0,93.8,56,60.2
475,181.1,0.4,0.3,781.5,852.1,8.9,0,118.8,56,72.3
469,137.8,0.3,0.2,840.5,852.1,32.2,0,117.2,56,69.3
425,153.5,0.4,0.3,887.1,852.1,16.5,0,106.3,56,64.3
388.6,157.9,0.4,0.3,925.7,852.1,12.1,0,97.1,56,55.2
531.3,141.8,0.3,0.3,893.7,852.1,28.2,0,0,56,58.8
425,153.5,0.4,0.3,887.1,852.1,16.5,0,106.3,56,64.3
318.8,155.7,0.5,0.3,880.4,852.1,14.3,0,212.5,56,66.1
401.8,147.4,0.4,0.3,852.1,946.8,11.4,0,94.7,56,73.7
362.6,164.9,0.5,0.3,755.8,944.7,11.6,0,189,56,77.3
323.7,183.8,0.6,0.3,659.9,942.7,10.3,0,282.8,56,80.2
379.5,153.9,0.4,0.3,605,1134.3,15.9,0,151.2,56,54.9
362.6,164.9,0.5,0.3,755.8,944.7,11.6,0,189,56,77.3
286.3,144.7,0.5,0.3,803.7,1004.6,11.2,0,200.9,56,72.99
362.6,164.9,0.5,0.3,755.8,944.7,11.6,0,189,56,77.3
439,186,0.4,0.3,707.9,884.9,11.1,0,177,56,71.7
389.9,145.9,0.4,0.3,755.8,944.7,22,0,189,56,79.4
362.6,164.9,0.5,0.3,755.8,944.7,11.6,0,189,56,77.3
337.9,174.9,0.5,0.3,755.8,944.7,9.5,0,189,56,59.89
374,170.1,0.5,0.3,756.7,926.1,10.1,0,189.2,91,64.9
313.3,175.5,0.6,0.3,611.8,1046.9,8.6,0,262.2,91,66.6
425,153.5,0.4,0.3,887.1,852.1,16.5,0,106.3,91,65.2
425,151.4,0.4,0.3,803.7,936,18.6,0,106.3,91,66.7
375,126.6,0.3,0.3,992.6,852.1,23.4,0,93.8,91,62.5
475,181.1,0.4,0.3,781.5,852.1,8.9,0,118.8,91,74.19
469,137.8,0.3,0.2,840.5,852.1,32.2,0,117.2,91,70.7
425,153.5,0.4,0.3,887.1,852.1,16.5,0,106.3,91,65.2
388.6,157.9,0.4,0.3,925.7,852.1,12.1,0,97.1,91,57.6
531.3,141.8,0.3,0.3,893.7,852.1,28.2,0,0,91,59.2
425,153.5,0.4,0.3,887.1,852.1,16.5,0,106.3,91,65.2
318.8,155.7,0.5,0.3,880.4,852.1,14.3,0,212.5,91,68.1
401.8,147.4,0.4,0.3,852.1,946.8,11.4,0,94.7,91,75.5
362.6,164.9,0.5,0.3,755.8,944.7,11.6,0,189,91,79.3
379.5,153.9,0.4,0.3,605,1134.3,15.9,0,151.2,91,56.5
362.6,164.9,0.5,0.3,755.8,944.7,11.6,0,189,91,79.3
286.3,144.7,0.5,0.3,803.7,1004.6,11.2,0,200.9,91,76.8
362.6,164.9,0.5,0.3,755.8,944.7,11.6,0,189,91,79.3
439,186,0.4,0.3,707.9,884.9,11.1,0,177,91,73.3
389.9,145.9,0.4,0.3,755.8,944.7,22,0,189,91,82.6
362.6,164.9,0.5,0.3,755.8,944.7,11.6,0,189,91,79.3
337.9,174.9,0.5,0.3,755.8,944.7,9.5,0,189,91,67.8
222.4,189.3,0.9,0.6,870.3,967.1,4.5,96.7,0,3,11.58
222.4,189.3,0.9,0.6,870.3,967.1,4.5,96.7,0,14,24.45
222.4,189.3,0.9,0.6,870.3,967.1,4.5,96.7,0,28,24.89
222.4,189.3,0.9,0.6,870.3,967.1,4.5,96.7,0,56,29.45
222.4,189.3,0.9,0.6,870.3,967.1,4.5,96.7,0,100,40.71
233.8,197.9,0.8,0.6,852.2,947,4.6,94.6,0,3,10.38
233.8,197.9,0.8,0.6,852.2,947,4.6,94.6,0,14,22.14
233.8,197.9,0.8,0.6,852.2,947,4.6,94.6,0,28,22.84
233.8,197.9,0.8,0.6,852.2,947,4.6,94.6,0,56,27.66
233.8,197.9,0.8,0.6,852.2,947,4.6,94.6,0,100,34.56
194.7,165.6,0.9,0.6,905.9,1006.4,7.5,100.5,0,3,12.45
194.7,165.6,0.9,0.6,905.9,1006.4,7.5,100.5,0,14,24.99
194.7,165.6,0.9,0.6,905.9,1006.4,7.5,100.5,0,28,25.72
194.7,165.6,0.9,0.6,905.9,1006.4,7.5,100.5,0,56,33.96
194.7,165.6,0.9,0.6,905.9,1006.4,7.5,100.5,0,100,37.34
190.7,162.1,0.9,0.5,804,1090,7.8,125.4,0,3,15.04
190.7,162.1,0.9,0.5,804,1090,7.8,125.4,0,14,21.06
190.7,162.1,0.9,0.5,804,1090,7.8,125.4,0,28,26.4
190.7,162.1,0.9,0.5,804,1090,7.8,125.4,0,56,35.34
190.7,162.1,0.9,0.5,804,1090,7.8,125.4,0,100,40.57
212.1,180.3,0.9,0.5,779.3,1057.6,5.7,121.6,0,3,12.47
212.1,180.3,0.9,0.5,779.3,1057.6,5.7,121.6,0,14,20.92
212.1,180.3,0.9,0.5,779.3,1057.6,5.7,121.6,0,28,24.9
212.1,180.3,0.9,0.5,779.3,1057.6,5.7,121.6,0,56,34.2
212.1,180.3,0.9,0.5,779.3,1057.6,5.7,121.6,0,100,39.61
230,195.5,0.8,0.6,758.6,1029.4,4.6,118.3,0,3,10.03
230,195.5,0.8,0.6,758.6,1029.4,4.6,118.3,0,14,20.08
230,195.5,0.8,0.6,758.6,1029.4,4.6,118.3,0,28,24.48
230,195.5,0.8,0.6,758.6,1029.4,4.6,118.3,0,56,31.54
230,195.5,0.8,0.6,758.6,1029.4,4.6,118.3,0,100,35.34
190.3,161.9,0.9,0.5,802.6,1088.1,9.9,125.2,0,3,9.45
190.3,161.9,0.9,0.5,802.6,1088.1,9.9,125.2,0,14,22.72
190.3,161.9,0.9,0.5,802.6,1088.1,9.9,125.2,0,28,28.47
190.3,161.9,0.9,0.5,802.6,1088.1,9.9,125.2,0,56,38.56
190.3,161.9,0.9,0.5,802.6,1088.1,9.9,125.2,0,100,40.39
166.1,176.5,1.1,0.5,780.1,1058.6,4.5,163.3,0,3,10.76
166.1,176.5,1.1,0.5,780.1,1058.6,4.5,163.3,0,14,25.48
166.1,176.5,1.1,0.5,780.1,1058.6,4.5,163.3,0,28,21.54
166.1,176.5,1.1,0.5,780.1,1058.6,4.5,163.3,0,56,28.63
166.1,176.5,1.1,0.5,780.1,1058.6,4.5,163.3,0,100,33.54
168,121.8,0.7,0.3,780.1,1058.7,5.7,163.8,42.1,3,7.75
168,121.8,0.7,0.3,780.1,1058.7,5.7,163.8,42.1,14,17.82
168,121.8,0.7,0.3,780.1,1058.7,5.7,163.8,42.1,28,24.24
168,121.8,0.7,0.3,780.1,1058.7,5.7,163.8,42.1,56,32.85
168,121.8,0.7,0.3,780.1,1058.7,5.7,163.8,42.1,100,39.23
213.7,181.7,0.9,0.5,785.4,1065.8,6.9,24.5,98.1,3,18
213.7,181.7,0.9,0.5,785.4,1065.8,6.9,24.5,98.1,14,30.39
213.7,181.7,0.9,0.5,785.4,1065.8,6.9,24.5,98.1,28,45.71
213.7,181.7,0.9,0.5,785.4,1065.8,6.9,24.5,98.1,56,50.77
213.7,181.7,0.9,0.5,785.4,1065.8,6.9,24.5,98.1,100,53.9
213.8,181.7,0.9,0.5,785.5,1066,6.7,24.5,98.1,3,13.18
213.8,181.7,0.9,0.5,785.5,1066,6.7,24.5,98.1,14,17.84
213.8,181.7,0.9,0.5,785.5,1066,6.7,24.5,98.1,28,40.23
213.8,181.7,0.9,0.5,785.5,1066,6.7,24.5,98.1,56,47.13
213.8,181.7,0.9,0.5,785.5,1066,6.7,24.5,98.1,100,49.97
229.7,195.2,0.9,0.6,757.6,1028.1,6.1,118.2,0,3,13.36
229.7,195.2,0.9,0.6,757.6,1028.1,6.1,118.2,0,14,22.32
229.7,195.2,0.9,0.6,757.6,1028.1,6.1,118.2,0,28,24.54
229.7,195.2,0.9,0.6,757.6,1028.1,6.1,118.2,0,56,31.35
229.7,195.2,0.9,0.6,757.6,1028.1,6.1,118.2,0,100,40.86
238.1,186.7,0.8,0.6,847,949.9,7,94.1,0,3,19.93
238.1,186.7,0.8,0.6,847,949.9,7,94.1,0,14,25.69
238.1,186.7,0.8,0.6,847,949.9,7,94.1,0,28,30.23
238.1,186.7,0.8,0.6,847,949.9,7,94.1,0,56,39.59
238.1,186.7,0.8,0.6,847,949.9,7,94.1,0,100,44.3
250,187.4,0.7,0.5,861.2,956.9,5.5,95.7,0,3,13.82
250,187.4,0.7,0.5,861.2,956.9,5.5,95.7,0,14,24.92
250,187.4,0.7,0.5,861.2,956.9,5.5,95.7,0,28,29.22
250,187.4,0.7,0.5,861.2,956.9,5.5,95.7,0,56,38.33
250,187.4,0.7,0.5,861.2,956.9,5.5,95.7,0,100,42.35
212.5,159.3,0.7,0.5,903.6,1007.8,8.7,100.4,0,3,13.54
212.5,159.3,0.7,0.5,903.6,1007.8,8.7,100.4,0,14,26.31
212.5,159.3,0.7,0.5,903.6,1007.8,8.7,100.4,0,28,31.64
212.5,159.3,0.7,0.5,903.6,1007.8,8.7,100.4,0,56,42.55
212.5,159.3,0.7,0.5,903.6,1007.8,8.7,100.4,0,100,42.92
212.6,159.4,0.7,0.5,903.8,1003.8,10.4,100.4,0,3,13.33
212.6,159.4,0.7,0.5,903.8,1003.8,10.4,100.4,0,14,25.37
212.6,159.4,0.7,0.5,903.8,1003.8,10.4,100.4,0,28,37.4
212.6,159.4,0.7,0.5,903.8,1003.8,10.4,100.4,0,56,44.4
212.6,159.4,0.7,0.5,903.8,1003.8,10.4,100.4,0,100,47.74
212,159,0.8,0.5,799.5,1085.4,7.8,124.8,0,3,19.52
212,159,0.8,0.5,799.5,1085.4,7.8,124.8,0,14,31.35
212,159,0.8,0.5,799.5,1085.4,7.8,124.8,0,28,38.5
212,159,0.8,0.5,799.5,1085.4,7.8,124.8,0,56,45.08
212,159,0.8,0.5,799.5,1085.4,7.8,124.8,0,100,47.82
231.8,174,0.8,0.5,778.5,1056.4,6.7,121.6,0,3,15.44
231.8,174,0.8,0.5,778.5,1056.4,6.7,121.6,0,14,26.77
231.8,174,0.8,0.5,778.5,1056.4,6.7,121.6,0,28,33.73
231.8,174,0.8,0.5,778.5,1056.4,6.7,121.6,0,56,42.7
231.8,174,0.8,0.5,778.5,1056.4,6.7,121.6,0,100,45.84
251.4,188.5,0.7,0.5,757.7,1028.4,5.8,118.3,0,3,17.22
251.4,188.5,0.7,0.5,757.7,1028.4,5.8,118.3,0,14,29.93
251.4,188.5,0.7,0.5,757.7,1028.4,5.8,118.3,0,28,29.65
251.4,188.5,0.7,0.5,757.7,1028.4,5.8,118.3,0,56,36.97
251.4,188.5,0.7,0.5,757.7,1028.4,5.8,118.3,0,100,43.58
251.4,188.5,0.7,0.5,757.7,1028.4,6.4,118.3,0,3,13.12
251.4,188.5,0.7,0.5,757.7,1028.4,6.4,118.3,0,14,24.43
251.4,188.5,0.7,0.5,757.7,1028.4,6.4,118.3,0,28,32.66
251.4,188.5,0.7,0.5,757.7,1028.4,6.4,118.3,0,56,36.64
251.4,188.5,0.7,0.5,757.7,1028.4,6.4,118.3,0,100,44.21
181.4,169.6,0.9,0.5,777.8,1055.6,7.6,167,0,3,13.62
181.4,169.6,0.9,0.5,777.8,1055.6,7.6,167,0,14,21.6
181.4,169.6,0.9,0.5,777.8,1055.6,7.6,167,0,28,27.77
181.4,169.6,0.9,0.5,777.8,1055.6,7.6,167,0,56,35.57
181.4,169.6,0.9,0.5,777.8,1055.6,7.6,167,0,100,45.37
182,170.2,0.9,0.5,780.7,1059.4,8.2,122,45.2,3,7.32
182,170.2,0.9,0.5,780.7,1059.4,8.2,122,45.2,14,21.5
182,170.2,0.9,0.5,780.7,1059.4,8.2,122,45.2,28,31.27
182,170.2,0.9,0.5,780.7,1059.4,8.2,122,45.2,56,43.5
182,170.2,0.9,0.5,780.7,1059.4,8.2,122,45.2,100,48.67
168.9,158.3,0.9,0.5,796.2,1080.8,10.8,124.3,42.2,3,7.4
168.9,158.3,0.9,0.5,796.2,1080.8,10.8,124.3,42.2,14,23.51
168.9,158.3,0.9,0.5,796.2,1080.8,10.8,124.3,42.2,28,31.12
168.9,158.3,0.9,0.5,796.2,1080.8,10.8,124.3,42.2,56,39.15
168.9,158.3,0.9,0.5,796.2,1080.8,10.8,124.3,42.2,100,48.15
290.4,168.1,0.6,0.4,865,961.2,9.4,96.2,0,3,22.5
290.4,168.1,0.6,0.4,865,961.2,9.4,96.2,0,14,34.67
290.4,168.1,0.6,0.4,865,961.2,9.4,96.2,0,28,34.74
290.4,168.1,0.6,0.4,865,961.2,9.4,96.2,0,56,45.08
290.4,168.1,0.6,0.4,865,961.2,9.4,96.2,0,100,48.97
277.1,160.6,0.6,0.4,875.6,973.9,11.8,97.4,0,3,23.14
277.1,160.6,0.6,0.4,875.6,973.9,11.8,97.4,0,14,41.89
277.1,160.6,0.6,0.4,875.6,973.9,11.8,97.4,0,28,48.28
277.1,160.6,0.6,0.4,875.6,973.9,11.8,97.4,0,56,51.04
277.1,160.6,0.6,0.4,875.6,973.9,11.8,97.4,0,100,55.64
295.7,171.5,0.6,0.4,859.2,955.1,8.9,95.6,0,3,22.95
295.7,171.5,0.6,0.4,859.2,955.1,8.9,95.6,0,14,35.23
295.7,171.5,0.6,0.4,859.2,955.1,8.9,95.6,0,28,39.94
295.7,171.5,0.6,0.4,859.2,955.1,8.9,95.6,0,56,48.72
295.7,171.5,0.6,0.4,859.2,955.1,8.9,95.6,0,100,52.04
251.8,146.1,0.6,0.4,899.8,1006,12.4,99.9,0,3,21.02
251.8,146.1,0.6,0.4,899.8,1006,12.4,99.9,0,14,33.36
251.8,146.1,0.6,0.4,899.8,1006,12.4,99.9,0,28,33.94
251.8,146.1,0.6,0.4,899.8,1006,12.4,99.9,0,56,44.14
251.8,146.1,0.6,0.4,899.8,1006,12.4,99.9,0,100,45.37
249.1,158.1,0.6,0.5,889,987.8,12.8,98.8,0,3,15.36
249.1,158.1,0.6,0.5,889,987.8,12.8,98.8,0,14,28.68
249.1,158.1,0.6,0.5,889,987.8,12.8,98.8,0,28,30.85
249.1,158.1,0.6,0.5,889,987.8,12.8,98.8,0,56,42.03
249.1,158.1,0.6,0.5,889,987.8,12.8,98.8,0,100,51.06
252.3,146.3,0.6,0.4,889,987.8,14.2,98.8,0,3,21.78
252.3,146.3,0.6,0.4,889,987.8,14.2,98.8,0,14,42.29
252.3,146.3,0.6,0.4,889,987.8,14.2,98.8,0,28,50.6
252.3,146.3,0.6,0.4,889,987.8,14.2,98.8,0,56,55.83
252.3,146.3,0.6,0.4,889,987.8,14.2,98.8,0,100,60.95
246.8,143.3,0.6,0.4,800.9,1086.8,12,125.1,0,3,23.52
246.8,143.3,0.6,0.4,800.9,1086.8,12,125.1,0,14,42.22
246.8,143.3,0.6,0.4,800.9,1086.8,12,125.1,0,28,52.5
246.8,143.3,0.6,0.4,800.9,1086.8,12,125.1,0,56,60.32
246.8,143.3,0.6,0.4,800.9,1086.8,12,125.1,0,100,66.42
275.1,159.5,0.6,0.4,777.5,1053.6,9.9,121.4,0,3,23.8
275.1,159.5,0.6,0.4,777.5,1053.6,9.9,121.4,0,14,38.77
275.1,159.5,0.6,0.4,777.5,1053.6,9.9,121.4,0,28,51.33
275.1,159.5,0.6,0.4,777.5,1053.6,9.9,121.4,0,56,56.85
275.1,159.5,0.6,0.4,777.5,1053.6,9.9,121.4,0,100,58.61
297.2,174.8,0.6,0.4,753.5,1022.8,9.5,117.5,0,3,21.91
297.2,174.8,0.6,0.4,753.5,1022.8,9.5,117.5,0,14,36.99
297.2,174.8,0.6,0.4,753.5,1022.8,9.5,117.5,0,28,47.4
297.2,174.8,0.6,0.4,753.5,1022.8,9.5,117.5,0,56,51.96
297.2,174.8,0.6,0.4,753.5,1022.8,9.5,117.5,0,100,56.74
213.7,154.8,0.7,0.4,776.4,1053.5,10.2,174.7,0,3,17.57
213.7,154.8,0.7,0.4,776.4,1053.5,10.2,174.7,0,14,33.73
213.7,154.8,0.7,0.4,776.4,1053.5,10.2,174.7,0,28,40.15
213.7,154.8,0.7,0.4,776.4,1053.5,10.2,174.7,0,56,46.64
213.7,154.8,0.7,0.4,776.4,1053.5,10.2,174.7,0,100,50.08
213.5,154.6,0.7,0.4,775.5,1052.3,11.7,174.2,0,3,17.37
213.5,154.6,0.7,0.4,775.5,1052.3,11.7,174.2,0,14,33.7
213.5,154.6,0.7,0.4,775.5,1052.3,11.7,174.2,0,28,45.94
213.5,154.6,0.7,0.4,775.5,1052.3,11.7,174.2,0,56,51.43
213.5,154.6,0.7,0.4,775.5,1052.3,11.7,174.2,0,100,59.3
277.2,160.7,0.6,0.4,782.5,1061.7,11.2,24.5,97.8,3,30.45
277.2,160.7,0.6,0.4,782.5,1061.7,11.2,24.5,97.8,14,47.71
277.2,160.7,0.6,0.4,782.5,1061.7,11.2,24.5,97.8,28,63.14
277.2,160.7,0.6,0.4,782.5,1061.7,11.2,24.5,97.8,56,66.82
277.2,160.7,0.6,0.4,782.5,1061.7,11.2,24.5,97.8,100,66.95
218.2,140.8,0.6,0.4,792.7,1075.7,11.9,123.8,54.6,3,27.42
218.2,140.8,0.6,0.4,792.7,1075.7,11.9,123.8,54.6,14,35.96
218.2,140.8,0.6,0.4,792.7,1075.7,11.9,123.8,54.6,28,55.51
218.2,140.8,0.6,0.4,792.7,1075.7,11.9,123.8,54.6,56,61.99
218.2,140.8,0.6,0.4,792.7,1075.7,11.9,123.8,54.6,100,63.53
214.9,155.6,0.7,0.4,780.6,1014.3,9.6,121.9,53.8,3,18.02
214.9,155.6,0.7,0.4,780.6,1014.3,9.6,121.9,53.8,14,38.6
214.9,155.6,0.7,0.4,780.6,1014.3,9.6,121.9,53.8,28,52.2
214.9,155.6,0.7,0.4,780.6,1014.3,9.6,121.9,53.8,56,53.96
214.9,155.6,0.7,0.4,780.6,1014.3,9.6,121.9,53.8,100,56.63
218.9,158.5,0.7,0.5,794.9,1078.7,11.3,124.1,0,3,15.34
218.9,158.5,0.7,0.5,794.9,1078.7,11.3,124.1,0,14,26.05
218.9,158.5,0.7,0.5,794.9,1078.7,11.3,124.1,0,28,30.22
218.9,158.5,0.7,0.5,794.9,1078.7,11.3,124.1,0,56,37.27
218.9,158.5,0.7,0.5,794.9,1078.7,11.3,124.1,0,100,46.23
376,214.6,0.6,0.6,762.4,1003.5,0,0,0,3,16.28
376,214.6,0.6,0.6,762.4,1003.5,0,0,0,14,25.62
376,214.6,0.6,0.6,762.4,1003.5,0,0,0,28,31.97
376,214.6,0.6,0.6,762.4,1003.5,0,0,0,56,36.3
376,214.6,0.6,0.6,762.4,1003.5,0,0,0,100,43.06
500,140,0.3,0.3,853,966,4,0,0,28,67.57
475,142,0.3,0.3,641,1098,1.9,59,0,28,57.23
315,145,0.5,0.3,745,1130,5.9,0,137,28,81.75
505,195,0.4,0.3,630,1030,0,60,0,28,64.02
451,165,0.4,0.4,745,1030,11.3,0,0,28,78.8
516,162,0.3,0.3,802,801,8.2,0,0,28,41.37
520,170,0.3,0.3,855,855,5.2,0,0,28,60.28
528,185,0.4,0.4,720,920,6.9,0,0,28,56.83
520,175,0.3,0.3,805,870,5.2,0,0,28,51.02
385,158,0.4,0.3,768,903,20,136,0,28,55.55
500.1,200,0.4,0.4,613.2,1124.4,3,0,0,28,44.13
450.1,200,0.4,0.4,613.2,1124.4,3,0,50,28,39.38
397,167,0.4,0.3,633,967,20.8,158,17.2,28,55.65
333,167,0.5,0.3,652,996,17.9,163,17.5,28,47.28
334,189,0.6,0.4,633,967,15.3,158,17.6,28,44.33
405,175,0.4,0.4,695,1120,0,0,0,28,52.3
200,190,1,0.5,660,1145,0,0,200,28,49.25
516,162,0.3,0.3,802,801,8.3,0,0,28,41.37
145,184,1.3,0.5,880,833,5.7,119,116,28,29.16
160,182,1.1,0.4,879,824,6.4,122,128,28,39.4
234,189,0.8,0.5,760,981,5.9,0,156,28,39.3
250,159,0.6,0.3,800,860,9.5,95,180,28,67.87
475,162,0.3,0.3,662,1044,9.5,0,0,28,58.52
285,163,0.6,0.3,685,1031,7.6,0,190,28,53.58
356,160,0.4,0.3,657,1061,9,0,119,28,59
275,162,0.6,0.3,765,830,10.4,120,180,28,76.24
500,151,0.3,0.3,655,1033,9,0,0,28,69.84
165,163.8,1,0.5,900.9,1005.6,0,143.6,0,3,14.4
165,175.1,1.1,0.4,746.6,1005.8,8.1,132.1,128.5,3,19.42
178,179.9,1,0.4,746.8,1007.3,3.6,118.6,129.8,3,20.73
167.4,175.5,1,0.4,746.6,1006.3,7.8,128.6,129.9,3,14.94
172.4,156.8,0.9,0.4,856.4,1006.3,4.1,172.4,13.6,3,21.29
173.5,164.8,0.9,0.4,793.5,1006.2,6.5,173.5,50.1,3,23.08
167,164,1,0.4,770.1,1007.3,7.9,167,75.4,3,15.52
173.8,172.3,1,0.4,746.6,1007.2,9.7,159.9,93.4,3,15.82
190.3,166.6,0.9,0.5,798.9,1079,9.9,125.2,0,3,12.55
250,191.8,0.8,0.6,857.2,948.9,5.3,95.7,0,3,8.49
213.5,159.2,0.7,0.4,771.9,1043.6,11.7,174.2,0,3,15.61
194.7,170.2,0.9,0.6,901.8,998,7.5,100.5,0,3,12.18
251.4,192.9,0.8,0.5,754.3,1043.6,5.8,118.3,0,3,11.98
165,163.8,1,0.5,900.9,1005.6,0,143.6,0,14,16.88
165,175.1,1.1,0.4,746.6,1005.8,8.1,132.1,128.5,14,33.09
178,179.9,1,0.4,746.8,1007.3,3.6,118.6,129.8,14,34.24
167.4,175.5,1,0.4,746.6,1006.3,7.8,128.6,129.9,14,31.81
172.4,156.8,0.9,0.4,856.4,1006.3,4.1,172.4,13.6,14,29.75
173.5,164.8,0.9,0.4,793.5,1006.2,6.5,173.5,50.1,14,33.01
167,164,1,0.4,770.1,1007.3,7.9,167,75.4,14,32.9
173.8,172.3,1,0.4,746.6,1007.2,9.7,159.9,93.4,14,29.55
190.3,166.6,0.9,0.5,798.9,1079,9.9,125.2,0,14,19.42
250,191.8,0.8,0.6,857.2,948.9,5.3,95.7,0,14,24.66
213.5,159.2,0.7,0.4,771.9,1043.6,11.7,174.2,0,14,29.59
194.7,170.2,0.9,0.6,901.8,998,7.5,100.5,0,14,24.28
251.4,192.9,0.8,0.5,754.3,1043.6,5.8,118.3,0,14,20.73
165,163.8,1,0.5,900.9,1005.6,0,143.6,0,28,26.2
165,175.1,1.1,0.4,746.6,1005.8,8.1,132.1,128.5,28,46.39
178,179.9,1,0.4,746.8,1007.3,3.6,118.6,129.8,28,39.16
167.4,175.5,1,0.4,746.6,1006.3,7.8,128.6,129.9,28,41.2
172.4,156.8,0.9,0.4,856.4,1006.3,4.1,172.4,13.6,28,33.69
173.5,164.8,0.9,0.4,793.5,1006.2,6.5,173.5,50.1,28,38.2
167,164,1,0.4,770.1,1007.3,7.9,167,75.4,28,41.41
173.8,172.3,1,0.4,746.6,1007.2,9.7,159.9,93.4,28,37.81
190.3,166.6,0.9,0.5,798.9,1079,9.9,125.2,0,28,24.85
250,191.8,0.8,0.6,857.2,948.9,5.3,95.7,0,28,27.22
213.5,159.2,0.7,0.4,771.9,1043.6,11.7,174.2,0,28,44.64
194.7,170.2,0.9,0.6,901.8,998,7.5,100.5,0,28,37.27
251.4,192.9,0.8,0.5,754.3,1043.6,5.8,118.3,0,28,33.27
165,163.8,1,0.5,900.9,1005.6,0,143.6,0,56,36.56
165,175.1,1.1,0.4,746.6,1005.8,8.1,132.1,128.5,56,53.72
178,179.9,1,0.4,746.8,1007.3,3.6,118.6,129.8,56,48.59
167.4,175.5,1,0.4,746.6,1006.3,7.8,128.6,129.9,56,51.72
172.4,156.8,0.9,0.4,856.4,1006.3,4.1,172.4,13.6,56,35.85
173.5,164.8,0.9,0.4,793.5,1006.2,6.5,173.5,50.1,56,53.77
167,164,1,0.4,770.1,1007.3,7.9,167,75.4,56,53.46
173.8,172.3,1,0.4,746.6,1007.2,9.7,159.9,93.4,56,48.99
190.3,166.6,0.9,0.5,798.9,1079,9.9,125.2,0,56,31.72
250,191.8,0.8,0.6,857.2,948.9,5.3,95.7,0,56,39.64
213.5,159.2,0.7,0.4,771.9,1043.6,11.7,174.2,0,56,51.26
194.7,170.2,0.9,0.6,901.8,998,7.5,100.5,0,56,43.39
251.4,192.9,0.8,0.5,754.3,1043.6,5.8,118.3,0,56,39.27
165,163.8,1,0.5,900.9,1005.6,0,143.6,0,100,37.96
165,175.1,1.1,0.4,746.6,1005.8,8.1,132.1,128.5,100,55.02
178,179.9,1,0.4,746.8,1007.3,3.6,118.6,129.8,100,49.99
167.4,175.5,1,0.4,746.6,1006.3,7.8,128.6,129.9,100,53.66
172.4,156.8,0.9,0.4,856.4,1006.3,4.1,172.4,13.6,100,37.68
173.5,164.8,0.9,0.4,793.5,1006.2,6.5,173.5,50.1,100,56.06
167,164,1,0.4,770.1,1007.3,7.9,167,75.4,100,56.81
173.8,172.3,1,0.4,746.6,1007.2,9.7,159.9,93.4,100,50.94
190.3,166.6,0.9,0.5,798.9,1079,9.9,125.2,0,100,33.56
250,191.8,0.8,0.6,857.2,948.9,5.3,95.7,0,100,41.16
213.5,159.2,0.7,0.4,771.9,1043.6,11.7,174.2,0,100,52.96
194.7,170.2,0.9,0.6,901.8,998,7.5,100.5,0,100,44.28
251.4,192.9,0.8,0.5,754.3,1043.6,5.8,118.3,0,100,40.15
446,162,0.4,0.3,712,967,11.6,79,24,28,57.03
446,162,0.4,0.3,712,967,11.6,79,24,28,44.42
446,162,0.4,0.3,712,967,11.6,79,24,28,51.02
446,162,0.4,0.3,712,967,10.3,79,24,28,53.39
446,162,0.4,0.3,712,967,11.6,79,24,3,35.36
446,162,0.4,0.3,712,967,11.6,79,24,3,25.02
446,162,0.4,0.3,712,967,11.6,79,24,3,23.35
446,162,0.4,0.3,712,967,11.6,79,24,7,52.01
446,162,0.4,0.3,712,967,11.6,79,24,7,38.02
446,162,0.4,0.3,712,967,11.6,79,24,7,39.3
446,162,0.4,0.3,712,967,11.6,79,24,56,61.07
446,162,0.4,0.3,712,967,11.6,79,24,56,56.14
446,162,0.4,0.3,712,967,11.6,79,24,56,55.25
446,162,0.4,0.3,712,967,10.3,79,24,56,54.77
387,157,0.4,0.3,845,938,14.3,94,20,28,50.24
387,157,0.4,0.3,845,938,13.9,94,20,28,46.68
387,157,0.4,0.3,845,938,11.6,94,20,28,46.68
387,157,0.4,0.3,845,938,14.3,94,20,3,22.75
387,157,0.4,0.3,845,938,13.9,94,20,3,25.51
387,157,0.4,0.3,845,938,11.6,94,20,3,34.77
387,157,0.4,0.3,845,938,14.3,94,20,7,36.84
387,157,0.4,0.3,845,938,13.9,94,20,7,45.9
387,157,0.4,0.3,845,938,11.6,94,20,7,41.67
387,157,0.4,0.3,845,938,14.3,94,20,56,56.34
387,157,0.4,0.3,845,938,13.9,94,20,56,47.97
387,157,0.4,0.3,845,938,11.6,94,20,56,61.46
355,145,0.4,0.3,871,967,13.1,97,19,28,44.03
355,145,0.4,0.3,871,967,12.3,97,19,28,55.45
491,210,0.4,0.3,699,882,3.9,123,26,28,55.55
491,201,0.4,0.3,699,822,3.9,123,26,28,57.92
491,210,0.4,0.3,699,882,3.9,123,26,3,25.61
491,210,0.4,0.3,699,882,3.9,123,26,7,33.49
491,210,0.4,0.3,699,882,3.9,123,26,56,59.59
491,201,0.4,0.3,699,822,3.9,123,26,3,29.55
491,201,0.4,0.3,699,822,3.9,123,26,7,37.92
491,201,0.4,0.3,699,822,3.9,123,26,56,61.86
424,178,0.4,0.3,750,822,8.5,132,22,28,62.05
424,178,0.4,0.3,750,882,8.5,132,22,3,32.01
424,168,0.4,0.3,750,822,8.9,132,22,28,72.1
424,178,0.4,0.3,750,822,8.5,132,22,7,39
424,178,0.4,0.3,750,822,8.5,132,22,56,65.7
424,168,0.4,0.3,750,822,8.9,132,22,3,32.11
424,168,0.4,0.3,750,822,8.9,132,22,7,40.29
424,168,0.4,0.3,750,822,8.9,132,22,56,74.36
202,206,1,0.6,801,942,1.7,141,11,28,21.97
202,206,1,0.6,801,942,1.7,141,11,3,9.85
202,206,1,0.6,801,942,1.7,141,11,7,15.07
202,206,1,0.6,801,942,1.7,141,11,56,23.25
284,179,0.6,0.4,801,842,5.5,141,15,28,43.73
284,179,0.6,0.4,801,842,5.5,141,15,3,13.4
284,179,0.6,0.4,801,842,5.5,141,15,7,24.13
284,179,0.6,0.4,801,842,5.5,141,15,56,44.52
359,154,0.4,0.3,801,942,10.9,141,19,28,62.94
359,154,0.4,0.3,801,942,10.9,141,19,28,59.49
359,154,0.4,0.3,801,942,10.9,141,19,3,25.12
359,154,0.4,0.3,801,942,10.9,141,19,3,23.64
359,154,0.4,0.3,801,942,10.9,141,19,7,35.75
359,154,0.4,0.3,801,942,10.9,141,19,7,38.61
359,154,0.4,0.3,801,942,10.9,141,19,56,68.75
359,154,0.4,0.3,801,942,10.9,141,19,56,66.78
436,218,0.5,0.5,719.7,838.4,0,0,0,28,23.85
289,192,0.7,0.7,895.3,913.2,0,0,0,90,32.07
289,192,0.7,0.7,895.3,913.2,0,0,0,3,11.65
393,192,0.5,0.5,785.6,940.6,0,0,0,3,19.2
393,192,0.5,0.5,785.6,940.6,0,0,0,90,48.85
393,192,0.5,0.5,785.6,940.6,0,0,0,28,39.6
480,192,0.4,0.4,712.2,936.2,0,0,0,28,43.94
480,192,0.4,0.4,712.2,936.2,0,0,0,7,34.57
480,192,0.4,0.4,712.2,936.2,0,0,0,90,54.32
480,192,0.4,0.4,712.2,936.2,0,0,0,3,24.4
333,192,0.6,0.6,842.6,931.2,0,0,0,3,15.62
255,192,0.8,0.8,945,889.8,0,0,0,90,21.86
255,192,0.8,0.8,945,889.8,0,0,0,7,10.22
289,192,0.7,0.7,895.3,913.2,0,0,0,7,14.6
255,192,0.8,0.8,945,889.8,0,0,0,28,18.75
333,192,0.6,0.6,842.6,931.2,0,0,0,28,31.97
333,192,0.6,0.6,842.6,931.2,0,0,0,7,23.4
289,192,0.7,0.7,895.3,913.2,0,0,0,28,25.57
333,192,0.6,0.6,842.6,931.2,0,0,0,90,41.68
393,192,0.5,0.5,785.6,940.6,0,0,0,7,27.74
255,192,0.8,0.8,945,889.8,0,0,0,3,8.2
158.8,185.7,1.2,0.5,734.3,1040.6,0,0,238.2,7,9.62
239.6,185.7,0.8,0.3,664.3,941.6,0,0,359.4,7,25.42
238.2,185.7,0.8,0.5,734.3,1040.6,0,0,158.8,7,15.69
181.9,185.7,1,0.4,714.3,1012.4,0,0,272.8,28,27.94
193.5,185.7,1,0.4,704.3,998.2,0,0,290.2,28,32.63
255.5,185.7,0.7,0.4,724.3,1026.6,0,0,170.3,7,17.24
272.8,185.7,0.7,0.4,714.3,1012.4,0,0,181.9,7,19.77
239.6,185.7,0.8,0.3,664.3,941.6,0,0,359.4,28,39.44
220.8,185.7,0.8,0.5,744.3,1055,0,0,147.2,28,25.75
397,185.7,0.5,0.5,734.3,1040.6,0,0,0,28,33.08
382.5,185.7,0.5,0.5,739.3,1047.8,0,0,0,7,24.07
210.7,185.7,0.9,0.4,689.3,977,0,0,316.1,7,21.82
158.8,185.7,1.2,0.5,734.3,1040.6,0,0,238.2,28,21.07
295.8,185.7,0.6,0.6,769.3,1091.4,0,0,0,7,14.84
255.5,185.7,0.7,0.4,724.3,1026.6,0,0,170.3,28,32.05
203.5,185.7,0.9,0.5,759.3,1076.2,0,0,135.7,7,11.96
397,185.7,0.5,0.5,734.3,1040.6,0,0,0,7,25.45
381.4,185.7,0.5,0.5,784.3,1104.6,0,0,0,28,22.49
295.8,185.7,0.6,0.6,769.3,1091.4,0,0,0,28,25.22
228,185.7,0.8,0.3,674.3,955.8,0,0,342.1,28,39.7
220.8,185.7,0.8,0.5,744.3,1055,0,0,147.2,7,13.09
316.1,185.7,0.6,0.4,689.3,977,0,0,210.7,28,38.7
135.7,185.7,1.4,0.5,759.3,1076.2,0,0,203.5,7,7.51
238.1,185.7,0.8,0.8,789.3,1118.8,0,0,0,28,17.58
339.2,185.7,0.5,0.5,754.3,1069.2,0,0,0,7,21.18
135.7,185.7,1.4,0.5,759.3,1076.2,0,0,203.5,28,18.2
193.5,185.7,1,0.4,704.3,998.2,0,0,290.2,7,17.2
203.5,185.7,0.9,0.5,759.3,1076.2,0,0,135.7,28,22.63
290.2,185.7,0.6,0.4,704.3,998.2,0,0,193.5,7,21.86
181.9,185.7,1,0.4,714.3,1012.4,0,0,272.8,7,12.37
170.3,185.7,1.1,0.6,724.3,1026.6,0,0,155.5,28,25.73
210.7,185.7,0.9,0.4,689.3,977,0,0,316.1,28,37.81
228,185.7,0.8,0.3,674.3,955.8,0,0,342.1,7,21.92
290.2,185.7,0.6,0.4,704.3,998.2,0,0,193.5,28,33.04
381.4,185.7,0.5,0.5,784.3,1104.6,0,0,0,7,14.54
238.2,185.7,0.8,0.5,734.3,1040.6,0,0,158.8,28,26.91
186.2,185.7,1,0.6,764.3,1083.4,0,0,124.1,7,8
339.2,185.7,0.5,0.5,754.3,1069.2,0,0,0,28,31.9
238.1,185.7,0.8,0.8,789.3,1118.8,0,0,0,7,10.34
252.5,185.7,0.7,0.7,784.3,1111.6,0,0,0,28,19.77
382.5,185.7,0.5,0.5,739.3,1047.8,0,0,0,28,37.44
252.5,185.7,0.7,0.7,784.3,1111.6,0,0,0,7,11.48
316.1,185.7,0.6,0.4,689.3,977,0,0,210.7,7,24.44
186.2,185.7,1,0.6,764.3,1083.4,0,0,124.1,28,17.6
170.3,185.7,1.1,0.6,724.3,1026.6,0,0,155.5,7,10.73
272.8,185.7,0.7,0.4,714.3,1012.4,0,0,181.9,28,31.38
339,197,0.6,0.6,781,968,0,0,0,3,13.22
339,197,0.6,0.6,781,968,0,0,0,7,20.97
339,197,0.6,0.6,781,968,0,0,0,14,27.04
339,197,0.6,0.6,781,968,0,0,0,28,32.04
339,197,0.6,0.6,781,968,0,0,0,90,35.17
339,197,0.6,0.6,781,968,0,0,0,180,36.45
339,197,0.6,0.6,781,968,0,0,0,365,38.89
236,194,0.8,0.8,885,968,0,0,0,3,6.47
236,194,0.8,0.8,885,968,0,0,0,14,12.84
236,194,0.8,0.8,885,968,0,0,0,28,18.42
236,194,0.8,0.8,885,968,0,0,0,90,21.95
236,193,0.8,0.8,885,968,0,0,0,180,24.1
236,193,0.8,0.8,885,968,0,0,0,365,25.08
277,191,0.7,0.7,856,968,0,0,0,14,21.26
277,191,0.7,0.7,856,968,0,0,0,28,25.97
277,191,0.7,0.7,856,968,0,0,0,3,11.36
277,191,0.7,0.7,856,968,0,0,0,90,31.25
277,191,0.7,0.7,856,968,0,0,0,180,32.33
277,191,0.7,0.7,856,968,0,0,0,360,33.7
254,198,0.8,0.8,863,968,0,0,0,3,9.31
254,198,0.8,0.8,863,968,0,0,0,90,26.94
254,198,0.8,0.8,863,968,0,0,0,180,27.63
254,198,0.8,0.8,863,968,0,0,0,365,29.79
307,193,0.6,0.6,812,968,0,0,0,180,34.49
307,193,0.6,0.6,812,968,0,0,0,365,36.15
307,193,0.6,0.6,812,968,0,0,0,3,12.54
307,193,0.6,0.6,812,968,0,0,0,28,27.53
307,193,0.6,0.6,812,968,0,0,0,90,32.92
236,193,0.8,0.8,885,968,0,0,0,7,9.99
200,180,0.9,0.9,845,1125,0,0,0,7,7.84
200,180,0.9,0.9,845,1125,0,0,0,28,12.25
225,181,0.8,0.8,833,1113,0,0,0,7,11.17
225,181,0.8,0.8,833,1113,0,0,0,28,17.34
325,184,0.6,0.6,783,1063,0,0,0,7,17.54
325,184,0.6,0.6,783,1063,0,0,0,28,30.57
275,183,0.7,0.7,808,1088,0,0,0,7,14.2
275,183,0.7,0.7,808,1088,0,0,0,28,24.5
300,184,0.6,0.6,795,1075,0,0,0,7,15.58
300,184,0.6,0.6,795,1075,0,0,0,28,26.85
375,186,0.5,0.5,758,1038,0,0,0,7,26.06
375,186,0.5,0.5,758,1038,0,0,0,28,38.21
400,187,0.5,0.5,745,1025,0,0,0,28,43.7
400,187,0.5,0.5,745,1025,0,0,0,7,30.14
250,182,0.7,0.7,820,1100,0,0,0,7,12.73
250,182,0.7,0.7,820,1100,0,0,0,28,20.87
350,186,0.5,0.5,770,1050,0,0,0,7,20.28
350,186,0.5,0.5,770,1050,0,0,0,28,34.29
203.5,203.5,1,0.4,630,963.4,0,0,305.3,7,19.54
250.2,203.5,0.8,0.5,694.1,977.6,0,0,166.8,90,47.71
157,192,1.2,0.5,781.2,935.4,0,0,236,90,43.38
141.3,203.5,1.4,0.6,748.5,971.8,0,0,212,28,29.89
166.8,203.5,1.2,0.5,692.6,975.6,0,0,250.2,3,6.9
122.6,203.5,1.7,0.7,800.1,958.2,0,0,183.9,90,33.19
183.9,203.5,1.1,0.7,800,959.2,0,0,122.6,3,4.9
102,192,1.9,0.8,942,887,0,0,153,3,4.57
102,192,1.9,0.8,942,887,0,0,153,90,25.46
122.6,203.5,1.7,0.7,800.1,958.2,0,0,183.9,28,24.29
166.8,203.5,1.2,0.5,692.6,975.6,0,0,250.2,28,33.95
200,192,1,0.6,806.2,965.4,0,0,133,3,11.41
108.3,203.5,1.9,0.8,849,938.2,0,0,162.4,28,20.59
305.3,203.5,0.7,0.4,631,965.4,0,0,203.5,7,25.89
108.3,203.5,1.9,0.8,849,938.2,0,0,162.4,90,29.23
116,192,1.7,0.7,891.9,909.8,0,0,173,90,31.02
141.3,203.5,1.4,0.6,748.5,971.8,0,0,212,7,10.39
157,192,1.2,0.5,781.2,935.4,0,0,236,28,33.66
133,192,1.4,0.6,839.2,927.4,0,0,200,28,27.87
250.2,203.5,0.8,0.5,694.1,977.6,0,0,166.8,7,19.35
173,192,1.1,0.7,856.8,946.8,0,0,116,7,11.39
192,192,1,0.4,716.1,929.8,0,0,288,3,12.79
192,192,1,0.4,716.1,929.8,0,0,288,28,39.32
153,192,1.3,0.8,943.1,888,0,0,102,3,4.78
288,192,0.7,0.4,717.8,932,0,0,192,3,16.11
305.3,203.5,0.7,0.4,631,965.4,0,0,203.5,28,43.38
236,192,0.8,0.5,749.1,972.6,0,0,157,7,20.42
173,192,1.1,0.7,856.8,946.8,0,0,116,3,6.94
212,203.5,1,0.6,750,973.4,0,0,141.3,7,15.03
236,192,0.8,0.5,749.1,972.6,0,0,157,3,13.57
183.9,203.5,1.1,0.7,800,959.2,0,0,122.6,90,32.53
166.8,203.5,1.2,0.5,692.6,975.6,0,0,250.2,7,15.75
102,192,1.9,0.8,942,887,0,0,153,7,7.68
288,192,0.7,0.4,717.8,932,0,0,192,28,38.8
212,203.5,1,0.6,750,973.4,0,0,141.3,28,33
102,192,1.9,0.8,942,887,0,0,153,28,17.28
173,192,1.1,0.7,856.8,946.8,0,0,116,28,24.28
183.9,203.5,1.1,0.7,800,959.2,0,0,122.6,28,24.05
133,192,1.4,0.6,839.2,927.4,0,0,200,90,36.59
192,192,1,0.4,716.1,929.8,0,0,288,90,50.73
133,192,1.4,0.6,839.2,927.4,0,0,200,7,13.66
305.3,203.5,0.7,0.4,631,965.4,0,0,203.5,3,14.14
236,192,0.8,0.5,749.1,972.6,0,0,157,90,47.78
108.3,203.5,1.9,0.8,849,938.2,0,0,162.4,3,2.33
157,192,1.2,0.5,781.2,935.4,0,0,236,7,16.89
288,192,0.7,0.4,717.8,932,0,0,192,7,23.52
212,203.5,1,0.6,750,973.4,0,0,141.3,3,6.81
212,203.5,1,0.6,750,973.4,0,0,141.3,90,39.7
153,192,1.3,0.8,943.1,888,0,0,102,28,17.96
236,192,0.8,0.5,749.1,972.6,0,0,157,28,32.88
116,192,1.7,0.7,891.9,909.8,0,0,173,28,22.35
183.9,203.5,1.1,0.7,800,959.2,0,0,122.6,7,10.79
108.3,203.5,1.9,0.8,849,938.2,0,0,162.4,7,7.72
203.5,203.5,1,0.4,630,963.4,0,0,305.3,28,41.68
203.5,203.5,1,0.4,630,963.4,0,0,305.3,3,9.56
133,192,1.4,0.6,839.2,927.4,0,0,200,3,6.88
288,192,0.7,0.4,717.8,932,0,0,192,90,50.53
200,192,1,0.6,806.2,965.4,0,0,133,7,17.17
200,192,1,0.6,806.2,965.4,0,0,133,28,30.44
250.2,203.5,0.8,0.5,694.1,977.6,0,0,166.8,3,9.73
122.6,203.5,1.7,0.7,800.1,958.2,0,0,183.9,3,3.32
153,192,1.3,0.8,943.1,888,0,0,102,90,26.32
200,192,1,0.6,806.2,965.4,0,0,133,90,43.25
116,192,1.7,0.7,891.9,909.8,0,0,173,3,6.28
173,192,1.1,0.7,856.8,946.8,0,0,116,90,32.1
250.2,203.5,0.8,0.5,694.1,977.6,0,0,166.8,28,36.96
305.3,203.5,0.7,0.4,631,965.4,0,0,203.5,90,54.6
192,192,1,0.4,716.1,929.8,0,0,288,7,21.48
157,192,1.2,0.5,781.2,935.4,0,0,236,3,9.69
153,192,1.3,0.8,943.1,888,0,0,102,7,8.37
141.3,203.5,1.4,0.6,748.5,971.8,0,0,212,90,39.66
116,192,1.7,0.7,891.9,909.8,0,0,173,7,10.09
141.3,203.5,1.4,0.6,748.5,971.8,0,0,212,3,4.83
122.6,203.5,1.7,0.7,800.1,958.2,0,0,183.9,7,10.35
166.8,203.5,1.2,0.5,692.6,975.6,0,0,250.2,90,43.57
203.5,203.5,1,0.4,630,963.4,0,0,305.3,90,51.86
310,192,0.6,0.6,830,1012,0,0,0,3,11.85
310,192,0.6,0.6,830,1012,0,0,0,7,17.24
310,192,0.6,0.6,830,1012,0,0,0,28,27.83
310,192,0.6,0.6,830,1012,0,0,0,90,35.76
310,192,0.6,0.6,830,1012,0,0,0,120,38.7
331,192,0.6,0.6,821,1025,0,0,0,3,14.31
331,192,0.6,0.6,821,1025,0,0,0,7,17.44
331,192,0.6,0.6,821,1025,0,0,0,28,31.74
331,192,0.6,0.6,821,1025,0,0,0,90,37.91
331,192,0.6,0.6,821,1025,0,0,0,120,39.38
349,192,0.6,0.6,809,1056,0,0,0,3,15.87
349,192,0.6,0.6,809,1056,0,0,0,7,9.01
349,192,0.6,0.6,809,1056,0,0,0,28,33.61
349,192,0.6,0.6,809,1056,0,0,0,90,40.66
349,192,0.6,0.6,809,1056,0,0,0,120,40.86
238,186,0.8,0.8,789,1119,0,0,0,7,12.05
238,186,0.8,0.8,789,1119,0,0,0,28,17.54
296,186,0.6,0.6,769,1090,0,0,0,7,18.91
296,186,0.6,0.6,769,1090,0,0,0,28,25.18
297,186,0.6,0.6,734,1040,0,0,0,7,30.96
480,192,0.4,0.4,721,936,0,0,0,28,43.89
480,192,0.4,0.4,721,936,0,0,0,90,54.28
397,186,0.5,0.5,734,1040,0,0,0,28,36.94
281,186,0.7,0.7,774,1104,0,0,0,7,14.5
281,185,0.7,0.7,774,1104,0,0,0,28,22.44
500,200,0.4,0.4,613,1125,0,0,0,1,12.64
500,200,0.4,0.4,613,1125,0,0,0,3,26.06
500,200,0.4,0.4,613,1125,0,0,0,7,33.21
500,200,0.4,0.4,613,1125,0,0,0,14,36.94
500,200,0.4,0.4,613,1125,0,0,0,28,44.09
540,173,0.3,0.3,613,1125,0,0,0,7,52.61
540,173,0.3,0.3,613,1125,0,0,0,14,59.76
540,173,0.3,0.3,613,1125,0,0,0,28,67.31
540,173,0.3,0.3,613,1125,0,0,0,90,69.66
540,173,0.3,0.3,613,1125,0,0,0,180,71.62
540,173,0.3,0.3,613,1125,0,0,0,270,74.17
350,203,0.6,0.6,775,974,0,0,0,7,18.13
350,203,0.6,0.6,775,974,0,0,0,14,22.53
350,203,0.6,0.6,775,974,0,0,0,28,27.34
350,203,0.6,0.6,775,974,0,0,0,56,29.98
350,203,0.6,0.6,775,974,0,0,0,90,31.35
350,203,0.6,0.6,775,974,0,0,0,180,32.72
385,186,0.5,0.5,763,966,0,0,0,1,6.27
385,186,0.5,0.5,763,966,0,0,0,3,14.7
385,186,0.5,0.5,763,966,0,0,0,7,23.22
385,186,0.5,0.5,763,966,0,0,0,14,27.92
385,186,0.5,0.5,763,966,0,0,0,28,31.35
331,192,0.6,0.6,825,978,0,0,0,180,39
331,192,0.6,0.6,825,978,0,0,0,360,41.24
349,192,0.6,0.6,806,1047,0,0,0,3,14.99
331,192,0.6,0.6,825,978,0,0,0,3,13.52
382,186,0.5,0.5,739,1047,0,0,0,7,24
382,186,0.5,0.5,739,1047,0,0,0,28,37.42
382,186,0.5,0.5,784,1111,0,0,0,7,11.47
281,186,0.7,0.7,774,1104,0,0,0,28,22.44
339,185,0.5,0.5,754,1069,0,0,0,7,21.16
339,185,0.5,0.5,754,1069,0,0,0,28,31.84
295,185,0.6,0.6,769,1069,0,0,0,7,14.8
295,185,0.6,0.6,769,1069,0,0,0,28,25.18
238,185,0.8,0.8,789,1118,0,0,0,28,17.54
296,192,0.6,0.6,765,1085,0,0,0,7,14.2
296,192,0.6,0.6,765,1085,0,0,0,28,21.65
296,192,0.6,0.6,765,1085,0,0,0,90,29.39
331,192,0.6,0.6,825,879,0,0,0,3,13.52
331,192,0.6,0.6,825,978,0,0,0,7,16.26
331,192,0.6,0.6,825,978,0,0,0,28,31.45
331,192,0.6,0.6,825,978,0,0,0,90,37.23
349,192,0.6,0.6,806,1047,0,0,0,7,18.13
349,192,0.6,0.6,806,1047,0,0,0,28,32.72
349,192,0.6,0.6,806,1047,0,0,0,90,39.49
349,192,0.6,0.6,806,1047,0,0,0,180,41.05
349,192,0.6,0.6,806,1047,0,0,0,360,42.13
302,203,0.7,0.7,817,974,0,0,0,14,18.13
302,203,0.7,0.7,817,974,0,0,0,180,26.74
525,189,0.4,0.4,613,1125,0,0,0,180,61.92
500,200,0.4,0.4,613,1125,0,0,0,90,47.22
500,200,0.4,0.4,613,1125,0,0,0,180,51.04
500,200,0.4,0.4,613,1125,0,0,0,270,55.16
540,173,0.3,0.3,613,1125,0,0,0,3,41.64
252,185,0.7,0.7,784,1111,0,0,0,7,13.71
252,185,0.7,0.7,784,1111,0,0,0,28,19.69
339,185,0.5,0.5,754,1060,0,0,0,28,31.65
393,192,0.5,0.5,758,940,0,0,0,3,19.11
393,192,0.5,0.5,758,940,0,0,0,28,39.58
393,192,0.5,0.5,758,940,0,0,0,90,48.79
382,185,0.5,0.5,739,1047,0,0,0,7,24
382,185,0.5,0.5,739,1047,0,0,0,28,37.42
252,186,0.7,0.7,784,1111,0,0,0,7,11.47
252,185,0.7,0.7,784,1111,0,0,0,28,19.69
310,192,0.6,0.6,850,970,0,0,0,7,14.99
310,192,0.6,0.6,850,970,0,0,0,28,27.92
310,192,0.6,0.6,850,970,0,0,0,90,34.68
310,192,0.6,0.6,850,970,0,0,0,180,37.33
310,192,0.6,0.6,850,970,0,0,0,360,38.11
525,189,0.4,0.4,613,1125,0,0,0,3,33.8
525,189,0.4,0.4,613,1125,0,0,0,7,42.42
525,189,0.4,0.4,613,1125,0,0,0,14,48.4
525,189,0.4,0.4,613,1125,0,0,0,28,55.94
525,189,0.4,0.4,613,1125,0,0,0,90,58.78
525,189,0.4,0.4,613,1125,0,0,0,270,67.11
322,203,0.6,0.6,800,974,0,0,0,14,20.77
322,203,0.6,0.6,800,974,0,0,0,28,25.18
322,203,0.6,0.6,800,974,0,0,0,180,29.59
302,203,0.7,0.7,817,974,0,0,0,28,21.75
397,185,0.5,0.5,734,1040,0,0,0,28,39.09
480,192,0.4,0.4,721,936,0,0,0,3,24.39
522,146,0.3,0.3,896,896,0,0,0,7,50.51
522,146,0.3,0.3,896,896,0,0,0,28,74.99
273,210,0.8,0.5,680,904,9,82,105,28,37.17
162,179,1.1,0.4,741,838,19,148,190,28,33.76
154,220,1.4,0.5,658,923,10,112,144,28,16.5
147,202,1.4,0.6,829,860,9,89,115,28,19.99
152,168,1.1,0.4,695,944,18,139,178,28,36.35
310,168,0.5,0.3,651,914,22,111,143,28,33.69
144,158,1.1,0.5,844,943,18,175,0,28,15.42
304,214,0.7,0.5,722,895,6,0,140,28,33.42
374,190,0.5,0.5,730,1013,7,0,0,28,39.05
159,175,1.1,0.4,720,953,15,116,149,28,27.68
153,200,1.3,0.5,684,1002,6,0,239,28,26.86
310,168,0.5,0.4,804,914,10,0,143,28,45.3
305,196,0.6,0.5,705,959,10,100,0,28,30.12
151,167,1.1,0.5,772,991,12,184,0,28,15.57
142,174,1.2,0.4,785,883,11,130,167,28,44.61
298,201,0.7,0.4,655,878,6,107,137,28,53.52
321,190,0.6,0.4,774,870,5,0,164,28,57.21
366,191,0.5,0.3,757,824,7,0,187,28,65.91
280,172,0.6,0.3,805,825,9,100,129,28,52.82
252,194,0.8,0.5,821,835,8,76,97,28,33.4
165,182,1.1,0.6,729,1023,12,150,0,28,18.03
156,180,1.2,0.5,698,1022,11,0,243,28,37.36
160,203,1.3,0.4,710,829,11,146,188,28,32.84
298,186,0.6,0.5,815,879,6,107,0,28,42.64
318,210,0.7,0.5,737,861,6,126,0,28,40.06
287,188,0.7,0.4,696,904,9,94,121,28,41.94
326,174,0.5,0.4,790,882,9,0,166,28,61.23
356,193,0.5,0.4,778,801,11,142,0,28,40.87
132,179,1.4,0.4,736,867,5,161,207,28,33.3
322,186,0.6,0.4,709,951,8,0,149,28,52.42
164,181,1.1,0.5,846,849,13,200,0,28,15.09
314,170,0.5,0.4,783,925,10,113,0,28,38.46
321,182,0.6,0.4,780,870,11,128,0,28,37.26
140,237,1.7,0.5,656,869,6,128,164,28,35.23
288,177,0.6,0.4,829,908,7,0,121,28,42.13
298,210,0.7,0.5,744,880,11,107,0,28,31.87
265,195,0.7,0.4,790,833,6,86,111,28,41.54
160,168,1.1,0.4,688,1049,12,0,250,28,39.45
166,183,1.1,0.4,827,859,13,0,260,28,37.91
276,180,0.7,0.4,768,870,9,90,116,28,44.28
322,196,0.6,0.4,813,818,10,116,0,28,31.18
149,193,1.3,0.5,780,892,6,109,139,28,23.69
159,176,1.1,0.5,789,990,11,0,187,28,32.76
261,201,0.8,0.5,761,864,9,78,100,28,32.4
237,247,1,0.6,695,853,6,71,92,28,28.63
313,178,0.6,0.4,689,1002,8,113,0,28,36.8
155,193,1.2,0.6,697,1047,9,0,183,28,18.28
146,202,1.4,0.5,872,827,3,0,230,28,33.06
296,221,0.7,0.5,778,819,11,107,0,28,31.42
133,196,1.5,0.6,795,949,3,0,210,28,31.03
313,178,0.6,0.4,824,867,8,0,145,28,44.39
152,184,1.2,0.7,816,992,8,112,0,28,12.18
153,178,1.2,0.4,689,1002,8,113,145,28,25.56
140,200,1.4,0.5,753,916,7,103,133,28,36.44
149,176,1.2,0.5,893,847,13,0,236,28,32.96
300,212,0.7,0.5,728,878,10,120,0,28,23.84
153,178,1.2,0.4,824,867,8,113,145,28,26.23
148,158,1.1,0.6,830,1002,16,137,0,28,17.95
326,199,0.6,0.4,792,801,11,138,0,28,40.68
153,178,1.2,0.6,822,1000,8,0,145,28,19.01
262,195,0.7,0.4,733,895,5,86,111,28,33.72
158,220,1.4,0.6,713,898,11,195,0,28,8.54
151,167,1.1,0.5,678,1074,16,185,0,28,13.46
273,199,0.7,0.5,762,931,11,90,0,28,32.24
149,183,1.2,0.5,780,953,7,92,118,28,23.52
143,191,1.3,0.4,643,967,8,143,169,28,29.72
260,171,0.7,0.4,763,936,10,78,101,28,49.77
313,178,0.6,0.4,759,917,10,0,161,28,52.44
284,168,0.6,0.4,794,970,7,0,120,28,40.93
336,182,0.5,0.5,817,986,3,0,0,28,44.86
145,181,1.2,0.6,812,979,11,134,0,28,13.2
150,174,1.2,0.4,675,1069,12,0,237,28,37.43
144,192,1.3,0.4,805,814,8,133,170,28,29.87
331,195,0.6,0.4,802,811,8,0,170,28,56.61
155,193,1.2,0.6,697,1047,9,143,0,28,12.46
155,193,1.2,0.6,868,877,9,0,183,28,23.79
135,180,1.3,0.6,805,961,10,166,0,28,13.29
266,178,0.7,0.4,745,910,10,87,112,28,39.42
314,179,0.6,0.3,690,869,8,113,145,28,46.23
313,127,0.4,0.3,822,1000,8,0,145,28,44.52
146,182,1.2,0.6,817,986,3,0,173,28,23.74
144,178,1.2,0.5,774,941,7,106,136,28,26.14
148,181,1.2,0.5,884,839,15,182,0,28,15.52
277,191,0.7,0.4,666,946,7,91,117,28,43.57
298,164,0.6,0.4,784,953,13,107,0,28,35.86
313,178,0.6,0.4,689,1002,8,0,145,28,41.05
155,194,1.3,0.4,699,880,9,143,184,28,28.99
289,195,0.7,0.5,760,924,6,0,134,28,46.24
148,171,1.2,0.5,828,1000,2,0,175,28,26.92
145,202,1.4,0.6,869,824,8,179,0,28,10.54
313,178,0.6,0.6,822,1000,8,0,0,28,25.1
136,172,1.3,0.4,764,923,10,126,162,28,29.07
155,193,1.2,0.6,868,877,9,143,0,28,9.74
255,189,0.7,0.4,749,919,6,77,99,28,33.8
162,216,1.3,0.4,638,822,10,172,207,28,39.84
136,199,1.5,0.5,783,847,6,98,196,28,26.97
164,197,1.2,0.4,641,961,8,128,163,28,27.23
162,202,1.2,0.4,680,820,10,164,214,28,30.65
157,200,1.3,0.4,704,819,9,152,214,28,33.05
149,192,1.3,0.4,623,935,8,194,153,28,24.58
135,196,1.5,0.5,643,965,6,193,105,28,21.91
159,201,1.3,0.4,669,848,7,161,209,28,30.88
144,176,1.2,0.5,709,1021,6,195,15,28,15.34
154,228,1.5,0.4,612,845,7,185,174,28,24.34
167,185,1.1,0.3,636,898,7,195,187,28,23.89
184,213,1.2,0.5,623,923,6,190,86,28,22.93
156,221,1.4,0.4,614,854,7,187,178,28,29.41
236.9,246.9,1,0.6,695.4,852.9,6,71.5,91.7,28,28.63
313.3,178.5,0.6,0.4,688.7,1001.9,8,113,0,28,36.8
154.8,193.3,1.2,0.6,696.7,1047.4,9.1,0,183.4,28,18.29
145.9,202.5,1.4,0.5,871.8,827,3.4,0,230.5,28,32.72
296,221.4,0.7,0.5,778.4,819.2,10.5,106.7,0,28,31.42
133.1,195.7,1.5,0.6,795.3,949.4,3.1,0,210.2,28,28.94
313.3,178.5,0.6,0.4,824,867.2,8,0,145,28,40.93
151.6,184.4,1.2,0.7,815.9,992,7.9,111.9,0,28,12.18
153.1,178.5,1.2,0.4,688.7,1001.9,8,113,145,28,25.56
139.9,200.3,1.4,0.5,753.4,916,7.4,103.3,132.6,28,36.44
149.5,175.8,1.2,0.5,892.7,846.8,12.6,0,236,28,32.96
299.8,211.5,0.7,0.5,727.6,878.2,9.9,119.8,0,28,23.84
153.1,178.5,1.2,0.4,824,867.2,8,113,145,28,26.23
148.1,158.1,1.1,0.6,830.1,1001.8,16.1,136.6,0,28,17.96
326.5,199,0.6,0.4,792.5,801.1,10.8,137.9,0,28,38.63
152.7,178.1,1.2,0.6,822.2,999.7,8,0,144.7,28,19.01
261.9,195.4,0.7,0.4,732.6,895.2,5,86.1,110.5,28,33.72
158.4,219.7,1.4,0.6,712.9,897.7,11,194.9,0,28,8.54
150.7,166.7,1.1,0.5,678,1074.5,15.6,185.3,0,28,13.46
272.6,198.7,0.7,0.5,762.2,931.3,10.6,89.6,0,28,32.25
149,182.9,1.2,0.5,780.3,953.4,7.1,91.7,117.6,28,23.52
143,190.7,1.3,0.4,643.5,967.4,8.4,142.7,169.4,28,29.73
259.9,170.6,0.7,0.4,762.9,935.7,10.4,78.4,100.6,28,49.77
312.9,177.6,0.6,0.4,759.5,916.6,9.6,0,160.5,28,52.45
284,168.3,0.6,0.4,794.2,970.4,7.2,0,119.7,28,40.93
336.5,181.9,0.5,0.5,816.8,985.8,3.4,0,0,28,44.87
144.8,180.8,1.2,0.6,811.5,979.5,11.1,133.6,0,28,13.2
150,173.8,1.2,0.4,674.8,1069.3,11.9,0,236.8,28,37.43
143.7,191.6,1.3,0.4,805.3,814.1,8.5,132.6,170.2,28,29.87
330.5,194.9,0.6,0.4,802.3,811,8.1,0,169.6,28,56.62
154.8,193.3,1.2,0.6,696.7,1047.4,9.1,142.8,0,28,12.46
154.8,193.3,1.2,0.6,867.7,877.2,9.1,0,183.4,28,23.79
134.7,180.2,1.3,0.6,804.9,961,10,165.7,0,28,13.29
266.2,177.9,0.7,0.4,744.5,909.7,10.4,87.5,112.3,28,39.42
314,178.9,0.6,0.3,690.2,869.1,8,113.2,145.3,28,46.23
312.7,127.3,0.4,0.3,822.2,999.7,8,0,144.7,28,44.52
145.7,181.9,1.2,0.6,816.8,985.8,3.4,0,172.6,28,23.74
143.8,178.1,1.2,0.5,774.3,941.5,7.5,106.2,136.3,28,26.15
148.1,181.4,1.2,0.5,884.3,838.9,15,182.1,0,28,15.53
277,190.6,0.7,0.4,665.6,946.5,7,91,116.8,28,43.58
298.1,163.6,0.5,0.4,784,953.2,12.8,107.5,0,28,35.87
313.3,178.5,0.6,0.4,688.7,1001.9,8,0,145,28,41.05
155.2,193.8,1.2,0.4,698.5,879.6,9.2,143.2,183.9,28,28.99
289,194.9,0.7,0.5,760.1,924.1,5.5,0,133.7,28,46.25
147.8,171.2,1.2,0.5,828.5,1000,2.2,0,175.1,28,26.92
145.4,201.7,1.4,0.6,868.7,824,7.8,178.9,0,28,10.54
312.7,178.1,0.6,0.6,822.2,999.7,8,0,0,28,25.1
136.4,171.6,1.3,0.4,764.4,922.6,10.4,125.8,161.6,28,29.07
154.8,193.3,1.2,0.6,867.7,877.2,9.1,142.8,0,28,9.74
255.3,188.6,0.7,0.4,749.3,919,6.5,77,98.8,28,33.8
272.8,209.7,0.8,0.5,679.7,904,9,81.8,105.1,28,37.17
162,178.8,1.1,0.4,741.4,838.1,18.8,148.1,190.1,28,33.76
153.6,220.1,1.4,0.5,657.9,923.2,10.1,112.3,144.2,28,16.5
146.5,201.9,1.4,0.6,829.5,860,8.8,89.3,114.6,28,19.99
151.8,167.5,1.1,0.4,694.6,944,18.3,138.7,178.1,28,36.35
309.9,167.8,0.5,0.3,651.2,913.9,22.1,111.2,142.8,28,38.22
143.6,158.4,1.1,0.5,844.5,942.7,17.9,174.9,0,28,15.42
303.6,213.5,0.7,0.5,722.5,895.5,6.2,0,139.9,28,33.42
374.3,190.2,0.5,0.5,730.4,1013.2,6.7,0,0,28,39.06
158.6,175.1,1.1,0.4,719.7,953.3,15,116,148.9,28,27.68
152.6,200,1.3,0.5,683.9,1001.8,6.3,0,238.7,28,26.86
310,167.9,0.5,0.4,804,914.3,10,0,142.8,28,45.3
304.8,196,0.6,0.5,705.2,959.4,9.8,99.6,0,28,30.12
150.9,166.6,1.1,0.5,772.2,991.2,11.6,183.9,0,28,15.57
141.9,173.5,1.2,0.4,785.3,882.6,10.9,129.7,166.6,28,44.61
297.8,201.3,0.7,0.4,655.3,878.4,6,106.9,137.2,28,53.52
321.3,190.5,0.6,0.4,774,870,4.6,0,164.2,28,57.22
366,191.3,0.5,0.3,756.9,824.3,6.6,0,187,28,65.91
279.8,172.4,0.6,0.3,804.9,825.1,9.5,100.4,128.9,28,52.83
252.1,193.8,0.8,0.5,821.4,835.5,8.3,75.6,97.1,28,33.4
164.6,181.6,1.1,0.6,728.9,1023.3,11.7,150.4,0,28,18.03
155.6,180.3,1.2,0.5,697.7,1022,10.7,0,243.5,28,37.36
160.2,203.2,1.3,0.4,709.7,828.7,11.3,146.4,188,28,35.31
298.1,186.4,0.6,0.5,815.2,879,6.1,107,0,28,42.64
317.9,209.7,0.7,0.5,736.6,860.5,5.7,126.5,0,28,40.06
287.3,187.6,0.7,0.4,695.9,904.4,9.2,93.9,120.5,28,43.8
325.6,174,0.5,0.4,790,881.6,8.9,0,166.4,28,61.24
355.9,193.3,0.5,0.4,778.4,801.4,11,141.6,0,28,40.87
132,178.9,1.4,0.4,735.6,866.9,5.5,160.9,206.5,28,33.31
322.5,185.8,0.6,0.4,709.5,951,8.5,0,148.6,28,52.43
164.2,181.2,1.1,0.5,846,849.3,12.6,200.1,0,28,15.09
313.8,169.9,0.5,0.4,782.9,925.3,10.1,112.6,0,28,38.46
321.4,182.5,0.6,0.4,779.7,870.1,11.5,127.9,0,28,37.27
139.7,236.7,1.7,0.5,655.6,868.6,5.8,127.7,163.9,28,35.23
288.4,177.4,0.6,0.4,829.5,907.9,7,0,121,28,42.14
298.2,209.7,0.7,0.5,744.2,879.6,11.1,107,0,28,31.88
264.5,195.5,0.7,0.4,790.4,832.6,5.9,86.5,111,28,41.54
159.8,168.4,1.1,0.4,688.2,1049.3,12.2,0,250,28,39.46
166,183.2,1.1,0.4,826.8,858.8,12.7,0,259.7,28,37.92
276.4,179.6,0.6,0.4,768.3,870.1,8.9,90.3,116,28,44.28
322.2,196,0.6,0.4,813.4,817.9,10.4,115.6,0,28,31.18
148.5,192.7,1.3,0.5,780,892.4,6.1,108.6,139.4,28,23.7
159.1,175.6,1.1,0.5,788.9,989.6,11.3,0,186.7,28,32.77
260.9,200.6,0.8,0.5,761.5,864.5,8.6,78.3,100.5,28,32.4